{"cameraMode":{"drawMode":0,"name":"Shaded","section":"Shading Mode"},"sceneLighting":false,"audioPlay":false,"sceneViewState":{"showFog":true,"showMaterialUpdate":false,"showSkybox":false,"showFlares":true,"showImageEffects":true,"showParticleSystems":true},"in2DMode":false,"pivot":{"x":-0.04417145252227783,"y":2.2640788555145265,"z":0.5644092559814453},"rotation":{"x":-0.00355100492015481,"y":0.9410237669944763,"z":-0.3381776511669159,"w":-0.009881098754703999},"size":43.56834030151367,"orthographic":false}