{"cameraMode":{"drawMode":0,"name":"Shaded","section":"Shading Mode"},"sceneLighting":false,"audioPlay":false,"sceneViewState":{"showFog":true,"showMaterialUpdate":true,"showSkybox":false,"showFlares":true,"showImageEffects":true,"showParticleSystems":true},"in2DMode":false,"pivot":{"x":1.5000001192092896,"y":-0.0625,"z":1.499999761581421},"rotation":{"x":0.1657269448041916,"y":-0.007396232336759567,"z":0.0012429903727024794,"w":0.9861432313919067},"size":7.003425121307373,"orthographic":false}