{"cameraMode":{"drawMode":0,"name":"Shaded","section":"Shading Mode"},"sceneLighting":true,"audioPlay":false,"sceneViewState":{"showFog":true,"showMaterialUpdate":true,"showSkybox":true,"showFlares":true,"showImageEffects":true,"showParticleSystems":true},"in2DMode":false,"pivot":{"x":3.744330406188965,"y":-17.25829315185547,"z":-11.458868026733399},"rotation":{"x":-0.44976454973220827,"y":-0.0032061985693871977,"z":0.0016187960281968117,"w":-0.8931399583816528},"size":152.75833129882813,"orthographic":false}